<?xml version="1.0" encoding="UTF-8"?>
<schemalist gettext-domain="lock-screen-custom-text">
  <schema id="org.gnome.shell.extensions.lock-screen-custom-text" path="/org/gnome/shell/extensions/lock-screen-custom-text/">
    <key name="custom-text" type="s">
      <default>"Hello, GNOME!"</default>
      <summary>Custom Text</summary>
    </key>
    <key name="font-size" type="i">
      <default>24</default>
      <summary>Font Size</summary>
    </key>
    <key name="font-color" type="s">
      <default>"#ffffff"</default>
      <summary>Font Color</summary>
    </key>
    <key name="enable-shadow" type="b">
      <default>true</default>
      <summary>Enable Shadow</summary>
    </key>
    <key name="shadow-color" type="s">
      <default>"rgba(0,0,0,0.5)"</default>
      <summary>Shadow Color</summary>
    </key>
    <key name="pos-x" type="i">
      <default>0</default>
      <summary>Position X Offset</summary>
    </key>
    <key name="pos-y" type="i">
      <default>50</default>
      <summary>Position Y Offset</summary>
    </key>
    <key name="fixed-mode" type="b">
      <default>false</default>
      <summary>Fixed Position Mode</summary>
    </key>
  </schema>
</schemalist>